LapNumber,LapTime,PitStop,PitTime,Sector1Time,Sector2Time,Sector3Time,SpeedI1,SpeedI2,SpeedFL,SpeedST,PersonalBestTime,Compound,TyreLife,TrackStatus,Position,TimeGapToLeader,TimeGapToBehind,AirTemp,Humidity,Pressure,TrackTemp,WindDirection,WindSpeed
1.0,87.912,False,0.0,,30.37,23.495,274.0,235.0,244.0,243.0,87.912,MEDIUM,4.0,1,1.0,0.0,0,28.7,33.0,988.5,50.1,0,1.1
2.0,85.157,False,0.0,30.527,30.848,23.782,272.0,229.0,244.0,285.0,85.157,MEDIUM,5.0,1,1.0,0.0,0,28.8,34.0,988.5,49.9,110,0.6
3.0,85.07,False,0.0,30.491,30.724,23.855,269.0,230.0,242.0,287.0,85.07,MEDIUM,6.0,1,1.0,0.0,0,28.8,33.0,988.5,50.1,36,1.8
4.0,84.542,False,0.0,30.403,30.495,23.644,273.0,232.0,243.0,,84.542,MEDIUM,7.0,1,1.0,0.0,0,28.8,33.0,988.5,50.1,134,1.5
5.0,84.843,False,0.0,30.395,30.707,23.741,272.0,231.0,242.0,286.0,84.542,MEDIUM,8.0,1,1.0,0.0,0,28.9,34.0,988.5,49.6,314,1.1
6.0,84.596,False,0.0,30.248,30.586,23.762,276.0,227.0,243.0,284.0,84.542,MEDIUM,9.0,1,1.0,0.0,0,29.0,32.0,988.5,50.1,236,1.6
7.0,84.487,False,0.0,30.235,30.487,23.765,,230.0,243.0,,84.487,MEDIUM,10.0,1,1.0,0.0,0,29.1,33.0,988.4,49.2,225,1.3
8.0,84.509,False,0.0,30.362,30.468,23.679,277.0,230.0,241.0,286.0,84.487,MEDIUM,11.0,1,1.0,0.0,0,29.1,34.0,988.4,49.2,111,2.2
9.0,84.437,False,0.0,30.271,30.533,23.633,,231.0,242.0,,84.437,MEDIUM,12.0,1,1.0,0.0,0,29.0,33.0,988.5,49.2,170,2.0
10.0,84.405,False,0.0,30.29,30.405,23.71,,230.0,244.0,285.0,84.405,MEDIUM,13.0,1,1.0,0.0,0,29.0,32.0,988.5,49.5,224,1.1
11.0,84.462,False,0.0,30.318,30.352,23.792,278.0,232.0,241.0,284.0,84.405,MEDIUM,14.0,1,1.0,0.0,0,28.9,32.0,988.5,49.5,136,1.7
12.0,84.306,False,0.0,30.274,30.285,23.747,277.0,232.0,242.0,285.0,84.306,MEDIUM,15.0,1,1.0,0.0,0,29.0,31.0,988.5,49.6,183,1.5
13.0,84.355,False,0.0,30.336,30.307,23.712,,234.0,243.0,284.0,84.306,MEDIUM,16.0,1,1.0,0.0,0,29.1,31.0,988.4,49.3,107,1.7
14.0,84.201,False,0.0,30.251,30.2,23.75,276.0,235.0,242.0,285.0,84.201,MEDIUM,17.0,1,1.0,0.0,0,29.1,31.0,988.2,49.3,68,0.6
15.0,84.121,False,0.0,30.331,30.156,23.634,277.0,237.0,244.0,284.0,84.121,MEDIUM,18.0,1,1.0,0.0,0,29.0,31.0,988.2,49.1,298,1.2
16.0,84.373,False,0.0,30.364,30.315,23.694,,234.0,243.0,288.0,84.121,MEDIUM,19.0,1,1.0,0.0,0,29.1,32.0,988.2,50.1,194,1.5
17.0,84.214,False,0.0,30.292,30.21,23.712,,235.0,242.0,285.0,84.121,MEDIUM,20.0,1,1.0,0.0,0,29.3,32.0,988.4,49.9,252,1.2
18.0,84.195,False,0.0,30.357,30.206,23.632,276.0,235.0,242.0,,84.121,MEDIUM,21.0,1,1.0,0.0,0,29.4,33.0,988.4,48.6,322,2.5
19.0,84.396,False,0.0,30.324,30.217,23.855,278.0,235.0,243.0,,84.121,MEDIUM,22.0,1,1.0,0.0,0,29.3,32.0,988.2,48.5,342,1.1
20.0,84.065,False,0.0,30.213,30.134,23.718,,235.0,243.0,286.0,84.065,MEDIUM,23.0,1,1.0,0.0,0,29.3,32.0,988.2,48.9,135,1.1
21.0,84.012,False,0.0,30.306,30.065,23.641,277.0,237.0,243.0,287.0,84.012,MEDIUM,24.0,1,1.0,0.0,0,29.2,32.0,988.2,49.2,129,0.8
22.0,84.36,False,0.0,30.326,30.345,23.689,,234.0,243.0,286.0,84.012,MEDIUM,25.0,1,1.0,0.0,0,28.9,33.0,988.2,48.6,329,2.2
23.0,87.151,True,21.406,30.367,30.662,26.122,278.0,237.0,,287.0,84.012,MEDIUM,26.0,1,1.0,0.0,0,29.0,33.0,988.4,49.3,340,1.6
24.0,102.007,False,0.0,48.429,30.204,23.374,266.0,235.0,245.0,,84.012,HARD,1.0,1,1.0,0.0,0,28.9,32.0,988.4,49.3,302,1.5
25.0,83.777,False,0.0,30.109,30.145,23.523,271.0,235.0,245.0,286.0,83.777,HARD,2.0,1,1.0,0.0,0,29.0,33.0,988.2,48.8,38,2.0
26.0,83.717,False,0.0,30.176,30.036,23.505,278.0,236.0,243.0,287.0,83.717,HARD,3.0,1,1.0,0.0,0,29.0,33.0,988.2,48.2,241,1.1
27.0,83.636,False,0.0,30.286,29.961,23.389,279.0,237.0,245.0,286.0,83.636,HARD,4.0,1,1.0,0.0,0,29.0,33.0,988.4,48.6,186,1.2
28.0,83.687,False,0.0,30.161,30.061,23.465,278.0,236.0,246.0,288.0,83.636,HARD,5.0,1,1.0,0.0,0,29.0,32.0,988.2,48.5,316,1.2
29.0,83.762,False,0.0,30.21,30.048,23.504,279.0,236.0,246.0,289.0,83.636,HARD,6.0,1,1.0,0.0,0,29.1,33.0,988.2,48.5,153,1.1
30.0,83.624,False,0.0,30.068,30.108,23.448,277.0,236.0,246.0,290.0,83.624,HARD,7.0,1,1.0,0.0,0,29.1,33.0,988.2,48.5,67,1.7
31.0,83.59,False,0.0,30.35,29.744,23.496,279.0,240.0,246.0,289.0,83.59,HARD,8.0,1,1.0,0.0,0,29.3,33.0,988.2,48.5,111,2.2
32.0,83.292,False,0.0,30.19,29.706,23.396,281.0,238.0,247.0,,83.292,HARD,9.0,1,1.0,0.0,0,29.3,34.0,988.2,48.2,241,2.5
33.0,83.523,False,0.0,30.208,29.828,23.487,,238.0,247.0,,83.292,HARD,10.0,1,1.0,0.0,0,29.3,33.0,988.2,48.2,236,1.6
34.0,83.507,False,0.0,30.07,29.794,23.643,282.0,240.0,247.0,,83.292,HARD,11.0,1,1.0,0.0,0,29.2,32.0,988.2,48.5,340,1.5
35.0,83.489,False,0.0,29.983,29.946,23.56,283.0,241.0,247.0,292.0,83.292,HARD,12.0,1,1.0,0.0,0,29.3,32.0,988.2,48.5,134,1.7
36.0,83.285,False,0.0,30.034,29.823,23.428,281.0,239.0,247.0,,83.285,HARD,13.0,1,1.0,0.0,0,29.2,32.0,988.2,48.1,108,2.4
37.0,83.25,False,0.0,30.11,29.707,23.433,,239.0,246.0,291.0,83.25,HARD,14.0,1,1.0,0.0,0,29.2,32.0,988.2,47.7,129,1.7
38.0,83.47,False,0.0,30.071,29.71,23.689,279.0,241.0,247.0,290.0,83.25,HARD,15.0,1,1.0,0.0,0,29.3,32.0,988.2,47.5,124,1.5
39.0,84.143,False,0.0,30.126,30.073,23.944,282.0,240.0,248.0,292.0,83.25,HARD,16.0,1,1.0,0.0,0,29.3,32.0,988.2,47.4,0,1.2
40.0,83.705,False,0.0,30.18,29.844,23.681,283.0,241.0,252.0,291.0,83.25,HARD,17.0,1,1.0,0.0,0,29.2,32.0,988.2,47.4,170,0.8
41.0,83.023,False,0.0,30.087,29.534,23.402,282.0,244.0,246.0,306.0,83.023,HARD,18.0,1,1.0,0.0,0,29.3,33.0,988.2,47.4,193,0.6
42.0,83.309,False,0.0,29.994,29.681,23.634,281.0,243.0,247.0,291.0,83.023,HARD,19.0,1,1.0,0.0,0,29.3,33.0,988.2,47.5,137,0.8
43.0,83.338,False,0.0,30.074,29.622,23.642,280.0,244.0,247.0,,83.023,HARD,20.0,1,1.0,0.0,0,29.3,33.0,988.0,48.1,91,2.0
44.0,83.772,False,0.0,30.045,29.962,23.765,283.0,239.0,247.0,292.0,83.023,HARD,21.0,1,1.0,0.0,0,29.1,32.0,988.0,48.1,101,1.7
45.0,83.93,False,0.0,30.349,29.945,23.636,285.0,241.0,246.0,293.0,83.023,HARD,22.0,1,1.0,0.0,0,29.0,32.0,988.0,48.0,351,1.7
46.0,83.639,False,0.0,30.174,29.759,23.706,282.0,241.0,245.0,291.0,83.023,HARD,23.0,1,1.0,0.0,0,29.1,32.0,988.0,47.9,232,1.3
47.0,83.608,False,0.0,30.117,29.856,23.635,283.0,240.0,247.0,290.0,83.023,HARD,24.0,1,1.0,0.0,0,29.1,33.0,988.2,47.6,214,0.8
48.0,83.487,False,0.0,30.054,29.713,23.72,,241.0,247.0,291.0,83.023,HARD,25.0,1,1.0,0.0,0,29.2,32.0,988.0,47.6,39,1.7
49.0,83.822,False,0.0,30.085,30.065,23.672,,241.0,248.0,292.0,83.023,HARD,26.0,1,1.0,0.0,0,29.2,33.0,988.0,47.1,179,2.2
50.0,83.782,False,0.0,30.042,29.935,23.805,,243.0,247.0,,83.023,HARD,27.0,1,1.0,0.0,0,29.1,32.0,988.0,47.0,146,1.1
51.0,86.21,True,21.624,30.048,29.879,26.283,285.0,242.0,,,83.023,HARD,28.0,1,1.0,0.0,0,29.0,33.0,988.0,46.9,17,1.7
52.0,102.723,False,0.0,48.72,29.495,24.508,282.0,243.0,250.0,,83.023,MEDIUM,4.0,1,1.0,0.0,0,29.1,33.0,988.0,47.5,135,1.0
53.0,80.504,False,0.0,29.265,28.662,22.576999999999998,283.0,249.0,254.0,291.0,80.504,MEDIUM,5.0,1,1.0,0.0,0,29.3,32.0,988.0,47.5,149,2.2
54.0,83.935,False,0.0,30.478,30.097,23.36,272.0,242.0,247.0,297.0,80.504,MEDIUM,6.0,1,1.0,0.0,0,29.4,31.0,988.0,47.5,81,1.7
55.0,82.847,False,0.0,29.887,29.754,23.206,283.0,240.0,248.0,291.0,80.504,MEDIUM,7.0,1,1.0,0.0,0,29.4,32.0,988.0,46.8,55,2.0
56.0,82.6,False,0.0,29.78,29.516,23.304,282.0,243.0,249.0,,80.504,MEDIUM,8.0,1,1.0,0.0,0,29.3,32.0,988.0,46.8,109,1.7
57.0,82.425,False,0.0,29.793,29.31,23.322,281.0,245.0,246.0,293.0,80.504,MEDIUM,9.0,1,1.0,0.0,0,29.2,32.0,987.9,46.6,277,1.1
58.0,82.65,False,0.0,29.828,29.441,23.381,282.0,243.0,248.0,292.0,80.504,MEDIUM,10.0,1,1.0,0.0,0,29.4,32.0,988.0,46.7,324,1.5
59.0,81.88,False,0.0,29.697,29.184,22.999,284.0,245.0,248.0,291.0,80.504,MEDIUM,11.0,1,1.0,0.0,0,29.5,32.0,988.0,47.1,99,1.1
60.0,81.554,False,0.0,29.568,29.102,22.884,281.0,245.0,249.0,289.0,80.504,MEDIUM,12.0,1,1.0,0.0,0,29.5,32.0,987.9,46.3,106,1.2
61.0,81.52,False,0.0,29.668,28.891,22.961,282.0,247.0,248.0,290.0,80.504,MEDIUM,13.0,1,1.0,0.0,0,29.6,33.0,987.9,46.5,293,1.6
62.0,81.693,False,0.0,29.716,28.995,22.982,284.0,245.0,249.0,289.0,80.504,MEDIUM,14.0,1,1.0,0.0,0,29.5,32.0,987.9,46.4,240,1.3
63.0,81.772,False,0.0,29.668,29.032,23.072,283.0,245.0,249.0,,80.504,MEDIUM,15.0,1,1.0,0.0,0,29.5,32.0,987.9,46.2,307,2.0
64.0,82.122,False,0.0,29.701,29.256,23.165,285.0,244.0,248.0,,80.504,MEDIUM,16.0,1,1.0,0.0,0,29.5,32.0,987.9,46.1,181,1.1
65.0,82.223,False,0.0,29.678,29.303,23.242,284.0,244.0,248.0,290.0,80.504,MEDIUM,17.0,1,1.0,0.0,0,29.4,33.0,987.9,46.1,105,1.5
66.0,81.941,False,0.0,29.841,29.108,22.992,282.0,245.0,248.0,292.0,80.504,MEDIUM,18.0,1,1.0,0.0,0,29.3,33.0,988.0,46.0,282,1.1
67.0,81.754,False,0.0,29.656,29.022,23.076,283.0,248.0,248.0,291.0,80.504,MEDIUM,19.0,1,1.0,0.0,0,29.4,33.0,987.9,45.8,108,1.1
68.0,81.524,False,0.0,29.603,28.781,23.14,282.0,247.0,250.0,290.0,80.504,MEDIUM,20.0,1,1.0,0.0,0,29.3,32.0,988.0,45.6,345,1.7
69.0,81.18,False,0.0,29.516,28.719,22.945,283.0,247.0,248.0,291.0,80.504,MEDIUM,21.0,1,1.0,0.0,0,29.3,32.0,988.0,46.0,0,0.4
70.0,82.234,False,0.0,29.633,29.233,23.368,,245.0,248.0,290.0,80.504,MEDIUM,22.0,1,1.0,0.0,0,29.4,32.0,987.9,45.7,154,1.2
